box_id,num_events,num_missing,psu,model_type,support,actual_1,actual_0,accuracy,precision_1,recall_1,precision_0,recall_0,tot_pred_0,tot_pred_1,correct_1,correct_0,window_length,neighbors
1153,1425692,4133,125,nn,100,77,23,77.0,77.0,100.0,,0.0,0,100,77,0,-1,-1
1153,1425692,4133,125,etc,100,77,23,93.0,94.87179487179486,96.1038961038961,86.36363636363636,82.6086956521739,22,78,74,19,-1,-1
