max,mean,min,model,std_dev
67.57948169917178,61.987289751461795,58.431320149652585,LR,3.0113238014019403
57.360406091370564,23.978539764315943,4.649919828968466,RF,17.71180223975206
59.44429601923591,28.28326374414063,4.489577765900588,ETC,19.205782501401618
71.96099385519636,42.890970867782855,25.003340906053722,GBM,20.43226639679825
