max,mean,min,model,std_dev
67.06617036759765,64.7481950705437,63.153575206630784,RF,1.6772065138986965
69.29974867303548,68.23314337236833,66.50392100790712,ETC,1.2338176832356802
69.43701103193331,69.43637816549254,69.43590029735957,LR,0.00046651272215359136
57.19168129453751,44.969411947461474,33.36278268471137,KNN,9.737842395329512
72.37821336985053,71.66894700540621,70.67365704520884,GBM,0.7246770264352782
